{
    "m_Version": 5,
    "m_ZoneName": "BalotaAircrafts",
    "m_DisplayName": "Balota Aircrafts Trading Zone",
    "Position": [
        4971.0,
        10.5,
        2436.360107421875
    ],
    "Radius": 100.0,
    "BuyPricePercent": 100.0,
    "SellPricePercent": -1.0,
    "Stock": {
        "expansion_mh6_door_2_1": 75,
        "expansion_mh6_door_1_1": 75,
        "expansiongyrocopter": 7,
        "expansionuh1hdoor_1_1": 75,
        "expansionuh1h": 7,
        "expansionhydraulichoses": 75,
        "carbattery": 75,
        "tirerepairkit": 75,
        "sparkplug": 75,
        "expansionigniterplug": 75,
        "canistergasoline": 75,
        "expansionmh6": 7,
        "expansionmerlin": 7,
        "expansionmerlinbackwheel": 75,
        "headlighth7": 75,
        "expansionmerlinfrontwheel": 75,
        "expansion_mh6_door_1_2": 75,
        "headlighth7_box": 75,
        "expansioncarkey": 75,
        "expansionuh1hdoor_1_2": 75,
        "expansion_mh6_door_2_2": 75,
        "expansionhelicopterbattery": 75
    }
}