{
    "m_Version": 5,
    "m_ZoneName": "GreenMountain",
    "m_DisplayName": "Green Mountain Trading Zone",
    "Position": [
        3728.27001953125,
        403.0,
        6003.60009765625
    ],
    "Radius": 500.0,
    "BuyPricePercent": 100.0,
    "SellPricePercent": -1.0,
    "Stock": {
        "aviatorglasses": 75,
        "expansionspraycanmerlinvrana": 75,
        "mag_expansion_m9_15rnd": 75,
        "booniehat_blue": 75,
        "wolfsteakmeat": 75,
        "tomato": 75,
        "aug": 75,
        "darkmotohelmet_red": 75,
        "joggingshoes_black": 75,
        "sparkplug": 75,
        "iodinetincture": 75,
        "kukriknife": 75,
        "mag_saiga_8rnd": 75,
        "flag_chel": 75,
        "ammobox_545x39tracer_20rnd": 187,
        "expansion_ammobox_8mm_15rnd": 187,
        "civsedandoors_driver_black": 75,
        "vss": 75,
        "cablereel": 75,
        "hatchbackdoors_driver_white": 75,
        "platecarriervest": 75,
        "jumpsuitjacket_gray": 75,
        "expansiongps": 75,
        "flatcap_grey": 75,
        "honey": 75,
        "fnx45": 75,
        "epinephrine": 75,
        "bomberjacket_blue": 75,
        "ballerinas_yellow": 75,
        "rangefinder": 75,
        "m4_mpbttstck": 75,
        "puscopeoptic": 75,
        "lunchmeat": 75,
        "civsedandoors_driver": 75,
        "burlapsack": 75,
        "woolcoat_black": 75,
        "expansion_kedr": 75,
        "ak_plastichndgrd": 75,
        "sneakers_white": 75,
        "woolcoat_blackcheck": 75,
        "minidress_greenchecker": 75,
        "m4_cqbbttstck": 75,
        "ammo_expansion_46x30": 375,
        "mountainbag_orange": 75,
        "expansion_flag_brazil": 75,
        "raincoat_black": 75,
        "labcoat": 75,
        "ammo_308wintracer": 375,
        "athleticshoes_grey": 75,
        "woolcoat_green": 75,
        "slackspants_lightgrey": 75,
        "slackspants_khaki": 75,
        "pipe": 75,
        "cargopants_blue": 75,
        "expansion_flag_skilanka": 75,
        "civsedanwheel": 75,
        "militaryberet_un": 75,
        "nioshfacemask": 75,
        "hatchbackhood_blue": 75,
        "breeches_pink": 75,
        "amanitamushroom": 75,
        "ghillieatt_woodland": 75,
        "flag_cdf": 75,
        "purificationtablets": 75,
        "sodacan_pipsi": 75,
        "saiga": 75,
        "balaclavamask_black": 75,
        "huntingoptic": 75,
        "kazuaroptic": 75,
        "woolcoat_browncheck": 75,
        "baseballcap_beige": 75,
        "slackspants_beige": 75,
        "shortjeans_brown": 75,
        "armband_green": 187,
        "expansionspraycanorange": 75,
        "bdupants": 75,
        "flashlight": 75,
        "combatboots_beige": 75,
        "sportglasses_black": 75,
        "huntingvest": 75,
        "firefightershelmet_yellow": 75,
        "hatchbackdoors_codriver_white": 75,
        "surgicalmask": 75,
        "vodka": 75,
        "thermometer": 75,
        "expansion_flag_germany": 75,
        "tshirt_beige": 75,
        "usmcpants_desert": 75,
        "expansiongoldnugget": 0,
        "caninaberry": 75,
        "mansuit_black": 75,
        "pate": 75,
        "prisonuniformpants": 75,
        "expansion_flag_gubraltar": 75,
        "kitchenknife": 75,
        "dirtbikehelmet_police": 75,
        "brisketspread": 75,
        "cargopants_grey": 75,
        "expansion_awm": 75,
        "expansionammorpg": 375,
        "hatchback_02_door_2_2_blue": 75,
        "compass": 75,
        "taloonbag_green": 75,
        "highcapacityvest_black": 75,
        "civsedandoors_backleft": 75,
        "sedan_02_trunk_grey": 75,
        "expansion_pmii25optic": 75,
        "saltysticks": 75,
        "bandana_greenpattern": 75,
        "militaryberet_chdkz": 75,
        "ak_railhndgrd": 75,
        "expansion_flag_sicily": 75,
        "ammo_expansion_m203_sticky_smoke_purple": 375,
        "breeches_green": 75,
        "barrel_blue": 75,
        "battery9v": 75,
        "expansion_flag_borduria": 75,
        "flag_cannibals": 75,
        "expansion_m18smokegrenade_teargas": 75,
        "sks_bayonet": 75,
        "mosin_bayonet": 75,
        "taloonbag_violet": 75,
        "paper": 75,
        "cargopants_beige": 75,
        "barrel_red": 75,
        "athleticshoes_green": 75,
        "expansion_flag_un": 75,
        "designerglasses": 75,
        "agaricusmushroom": 75,
        "expansionspraycanredrust": 75,
        "m18smokegrenade_red": 75,
        "porkcan": 75,
        "dressshoes_sunburst": 75,
        "skirt_white": 75,
        "pajka": 75,
        "dogfoodcan": 75,
        "starlightoptic": 75,
        "expansiontractordoorsdriver": 75,
        "expansionspraycangreyrust": 75,
        "surgicalgloves_blue": 75,
        "expansion_flag_biohazard": 75,
        "quiltedjacket_grey": 75,
        "ammo_556x45": 375,
        "workinggloves_brown": 75,
        "paramedicjacket_crimson": 75,
        "rope": 75,
        "expansiontacticalglovesdesert": 75,
        "quiltedjacket_red": 75,
        "expansiontractorbackwheel": 75,
        "barrelholes_green": 75,
        "truck_01_wheel": 75,
        "flag_nsahrani": 75,
        "expansion_flag_pink": 75,
        "expansionspraycanbanditkitty": 75,
        "shirt_redcheck": 75,
        "huntingknife": 75,
        "thickframesglasses": 75,
        "sedan_02_wheel": 75,
        "gp5gasmask": 75,
        "dirtbikehelmet_black": 75,
        "zmijovkacap_green": 75,
        "roadflare": 75,
        "hikingboots_black": 75,
        "expansion_flag_switzerland": 75,
        "expansion_flag_expansion": 75,
        "tracksuitpants_red": 75,
        "nbcpantsgray": 75,
        "ammo_flaregreen": 375,
        "hockeyhelmet_white": 75,
        "flag_rooster": 75,
        "canvaspantsmidi_beige": 75,
        "expansion_m1a": 75,
        "ammobox_762x39_20rnd": 187,
        "chips": 75,
        "expansionspraycanuh1hresistance": 75,
        "skatehelmet_red": 75,
        "ammo_expansion_m203_smoke_yellow": 375,
        "expansion_flag_doubleaxe": 75,
        "hockeyhelmet_red": 75,
        "flag_livoniapolice": 75,
        "ammobox_9x39_20rnd": 187,
        "gorkapants_summer": 75,
        "sickle": 75,
        "joggingshoes_violet": 75,
        "expansiontractor": 5,
        "quiltedjacket_blue": 75,
        "personalradio": 75,
        "hatchet": 75,
        "shirt_bluecheckbright": 75,
        "flag_uec": 75,
        "chemlight_blue": 75,
        "civiliansedan": 3,
        "svd": 75,
        "joggingshoes_red": 75,
        "lockpick": 75,
        "headtorch_grey": 75,
        "expansionspraycancamomedical": 75,
        "medicalscrubsshirt_blue": 75,
        "hunterpants_summer": 75,
        "nylonknifesheath": 75,
        "disinfectantalcohol": 75,
        "hikingbootslow_blue": 75,
        "expansion_flag_purple": 75,
        "cattleprod": 75,
        "ammo_expansion_m203_he": 375,
        "constructionhelmet_red": 75,
        "combinationlock4": 75,
        "mag_cz75_15rnd": 75,
        "ammo_545x39": 375,
        "nvgoggles": 75,
        "tacticalshirt_olive": 75,
        "nvgheadstrap": 75,
        "mp133shotgun": 75,
        "jeans_bluedark": 75,
        "engraved1911": 75,
        "flag_livoniaarmy": 75,
        "expansiontractordoorscodriver": 75,
        "flag_babydeer": 75,
        "medicalscrubspants_green": 75,
        "thinframesglasses": 75,
        "ak74": 75,
        "mag_deagle_9rnd": 75,
        "sardinescan": 75,
        "militaryboots_black": 75,
        "pen_red": 75,
        "quiltedjacket_black": 75,
        "magnum": 75,
        "expansion_flag_cdf": 75,
        "mansuit_brown": 75,
        "expansion_flag_portugal": 75,
        "offroadhatchback": 3,
        "expansionsafelarge": 75,
        "expansionuazcargoroofless": 2,
        "canvaspants_red": 75,
        "workingboots_grey": 75,
        "mag_ak74_45rnd": 75,
        "ukassvest_black": 75,
        "booniehat_flecktran": 75,
        "joggingshoes_white": 75,
        "expansion_flag_mexico": 75,
        "baseballcap_red": 75,
        "ammo_expansion_m203_smoke_teargas": 375,
        "shirt_planeblack": 75,
        "tracksuitpants_lightblue": 75,
        "workinggloves_yellow": 75,
        "izh18": 75,
        "m9a1_bayonet": 75,
        "colt1911": 75,
        "blouse_blue": 75,
        "nbcbootsyellow": 75,
        "m65jacket_olive": 75,
        "flag_bear": 75,
        "paramedicjacket_green": 75,
        "mag_expansion_awm_5rnd": 75,
        "womansuit_darkgrey": 75,
        "shirt_greencheck": 75,
        "ballerinas_white": 75,
        "expansionlaw": 75,
        "m4_t3nrdsoptic": 75,
        "mag_ak101_30rnd": 75,
        "nailbox": 75,
        "expansionuazwheel": 75,
        "truck_01_hood": 75,
        "truck_01_door_2_1": 75,
        "civsedanhood_black": 75,
        "mediumtent_green": 75,
        "expansion_flag_poland": 75,
        "ammo_flare": 375,
        "huntingjacket_brown": 75,
        "dirtbikehelmet_mouthguard": 75,
        "anticheminjector": 75,
        "baseballcap_blue": 75,
        "ammobox_45acp_25rnd": 187,
        "hatchback_02_door_1_2_black": 75,
        "beaniehat_green": 75,
        "deagle": 75,
        "mag_stanag_30rnd": 75,
        "nail": 75,
        "civsedandoors_codriver": 75,
        "firefightershelmet_white": 75,
        "jeans_grey": 75,
        "expansiongoldbar": 0,
        "bandana_redpattern": 75,
        "expansion_mh6_door_1_1": 75,
        "expansion_mh6_door_1_2": 75,
        "hatchback_02_door_1_2_blue": 75,
        "hatchback_02_hood_blue": 75,
        "assaultbag_green": 75,
        "firefightershelmet_red": 75,
        "mag_expansion_m14_10rnd": 75,
        "tracksuitpants_black": 75,
        "mackerel": 75,
        "expansion_m9": 75,
        "balaclavamask_white": 75,
        "expansion_crossbow": 75,
        "nursedress_blue": 75,
        "expansion_longhorn": 75,
        "m4_oebttstck": 75,
        "ducttape": 75,
        "baseballcap_camo": 75,
        "expansioncarkey": 75,
        "whetstone": 75,
        "winchester70": 75,
        "waterbottle": 75,
        "bakedbeanscan": 75,
        "deagle_gold": 75,
        "hikingboots_brown": 75,
        "expansion_m79": 75,
        "mag_scout_5rnd": 75,
        "mag_cmag_10rnd": 75,
        "expansion_flag_anyoneincherno": 75,
        "joggingshoes_blue": 75,
        "hikingjacket_green": 75,
        "gorkaejacket_pautrev": 75,
        "acogoptic_6x": 75,
        "armband_red": 187,
        "pressvest_blue": 75,
        "expansion_flag_napa": 75,
        "bomberjacket_skyblue": 75,
        "expansion_flag_nuevorico": 75,
        "expansionmerlinfrontwheel": 75,
        "booniehat_tan": 75,
        "mansuit_white": 75,
        "expansionspraycanuh1huber": 75,
        "expansionspraycanblack": 75,
        "skatehelmet_black": 75,
        "balaclava3holes_black": 75,
        "stunbaton": 75,
        "omnogloves_gray": 75,
        "expansion_flag_czechia": 75,
        "cz527": 75,
        "ammobox_00buck_10rnd": 187,
        "sedan_02_door_1_1_grey": 75,
        "hatchbackwheel": 75,
        "ammo_expansion_m203_smoke_green": 375,
        "tshirt_blue": 75,
        "spaghettican": 75,
        "expansionsafemini": 75,
        "radarcap_red": 75,
        "portablegaslamp": 75,
        "motohelmet_green": 75,
        "ammo_556x45tracer": 375,
        "sedan_02_door_1_2": 75,
        "shovel": 75,
        "constructionhelmet_orange": 75,
        "minidress_bluechecker": 75,
        "mag_expansion_kedr_20rnd": 75,
        "ammo_357": 375,
        "tacticalgloves_black": 75,
        "ruger1022": 75,
        "partytent": 75,
        "surgicalgloves_lightblue": 75,
        "flag_altis": 75,
        "ghilliehood_woodland": 75,
        "expansionspraycanmh6blueline": 75,
        "prisonuniformjacket": 75,
        "izh43shotgun": 75,
        "xmaslights": 75,
        "firefighterjacket_black": 75,
        "flag_brainz": 75,
        "hatchback_02_trunk_blue": 75,
        "famas": 75,
        "highcapacityvest_olive": 75,
        "expansionspraycanmh6shadow": 75,
        "mag_mp5_15rnd": 75,
        "ak_woodhndgrd": 75,
        "firefighterspants_black": 75,
        "jumpsuitpants_red": 75,
        "medicalscrubshat_green": 75,
        "beaniehat_red": 75,
        "expansionspraycanmh6elliptical": 75,
        "headlighth7": 75,
        "universallight": 75,
        "alicebag_camo": 75,
        "fal_oebttstck": 75,
        "mag_ruger1022_15rnd": 75,
        "blouse_violet": 75,
        "ammo_12gaslug": 375,
        "mag_ak74_30rnd": 75,
        "ammo_expansion_m203_sticky_smoke_red": 375,
        "expansion_flag_france": 75,
        "carbattery": 75,
        "sedan_02_door_2_1_grey": 75,
        "cartent": 75,
        "handsaw": 75,
        "drybag_green": 75,
        "truckbattery": 75,
        "truck_01_door_1_1_orange": 75,
        "usmcjacket_woodland": 75,
        "hatchbackdoors_codriver": 75,
        "hatchbacktrunk": 75,
        "shirt_whitecheck": 75,
        "hunterpants_brown": 75,
        "hatchback_02_door_2_1": 75,
        "chickenbreastmeat": 75,
        "sambucusberry": 75,
        "cz61": 75,
        "tirerepairkit": 75,
        "lugwrench": 75,
        "electronicrepairkit": 75,
        "mag_expansion_mpx_50rnd": 75,
        "boarsteakmeat": 75,
        "slicedpumpkin": 75,
        "barrelholes_yellow": 75,
        "expansionspraycanyellowrust": 75,
        "motohelmet_white": 75,
        "m4_carryhandleoptic": 75,
        "canvaspants_blue": 75,
        "balaclavamask_beige": 75,
        "civsedandoors_codriver_wine": 75,
        "jungleboots_green": 75,
        "bloodbagempty": 75,
        "ammo_380": 375,
        "ghilliesuit_woodland": 75,
        "broom": 75,
        "mansuit_khaki": 75,
        "childbag_red": 75,
        "aks74u_bttstck": 75,
        "handcuffs": 75,
        "cowboyhat_brown": 75,
        "jeans_green": 75,
        "breeches_red": 75,
        "flag_wolf": 75,
        "sedan_02": 3,
        "ghillieatt_mossy": 75,
        "expansionlumber3": 75,
        "civsedantrunk_wine": 75,
        "portablegasstove": 75,
        "crowbar": 75,
        "rdg2smokegrenade_black": 75,
        "powergenerator": 75,
        "m4_rishndgrd": 75,
        "buisoptic": 75,
        "tacticalbaconcan": 75,
        "expansion_flag_wales": 75,
        "hatchback_02_door_2_1_black": 75,
        "expansionkar98scopeoptic": 75,
        "mansuit_beige": 75,
        "expansionspraycanbusweeb": 75,
        "mag_aug_30rnd": 75,
        "armband_black": 187,
        "mkii": 75,
        "ammo_expansion_338": 375,
        "radarcap_blue": 75,
        "childbag_green": 75,
        "gorkahelmetvisor": 75,
        "apple": 75,
        "bomberjacket_black": 75,
        "mag_ruger1022_30rnd": 75,
        "flag_livonia": 75,
        "expansionhydraulichoses": 75,
        "pleurotusmushroom": 75,
        "militaryboots_redpunk": 75,
        "darkmotohelmet_black": 75,
        "salinebag": 75,
        "seachest": 75,
        "medicalscrubsshirt_green": 75,
        "expansion_flag_finland": 75,
        "sedan_02_door_2_2_grey": 75,
        "expansion_flag_white": 75,
        "expansionuazdoordriver": 75,
        "canvaspants_beige": 75,
        "megaphone": 75,
        "asval": 75,
        "woodaxe": 75,
        "mag_stanagcoupled_30rnd": 75,
        "ammobox_380_35rnd": 187,
        "sneakers_red": 75,
        "huntingjacket_summer": 75,
        "cz75": 75,
        "expansion_flag_southkorea": 75,
        "expansion_flag_yellow": 75,
        "ammo_545x39tracer": 375,
        "nailedbaseballbat": 75,
        "expansionspraycanwhiterust": 75,
        "woolcoat_red": 75,
        "breeches_black": 75,
        "expansionuh1hdoor_1_2": 75,
        "pumpkin": 75,
        "ammobox_357_20rnd": 187,
        "gorkapants_autumn": 75,
        "workingboots_green": 75,
        "glock19": 75,
        "expansion_kar98": 75,
        "dirtbikehelmet_khaki": 75,
        "acogoptic": 75,
        "civsedanhood_wine": 75,
        "sedan_02_door_1_1_red": 75,
        "athleticshoes_black": 75,
        "farminghoe": 75,
        "expansion_flag_canada": 75,
        "combinationlock": 75,
        "sedan_02_door_2_1_red": 75,
        "firstaidkit": 75,
        "pear": 75,
        "militaryberet_cdf": 75,
        "canteen": 75,
        "motohelmet_red": 75,
        "mountainbag_green": 75,
        "workingboots_yellow": 75,
        "hunterpants_autumn": 75,
        "huntingjacket_winter": 75,
        "ukassvest_olive": 75,
        "combatboots_green": 75,
        "hatchback_02_door_1_1_blue": 75,
        "bomberjacket_grey": 75,
        "expansionuh1hdoor_1_1": 75,
        "fal_foldingbttstck": 75,
        "steakknife": 75,
        "expansionbus": 2,
        "expansionspraycanmh6resistance": 75,
        "bandana_camopattern": 75,
        "expansionrpg7": 75,
        "expansion_flag_green": 75,
        "m4a1": 75,
        "nbchoodgray": 75,
        "hatchback_02_hood": 75,
        "truck_01_hood_orange": 75,
        "sedan_02_door_1_2_red": 75,
        "hatchback_02_hood_black": 75,
        "ammobox_308win_20rnd": 187,
        "quiltedjacket_yellow": 75,
        "ammo_expansion_m203_sticky_smoke_white": 375,
        "expansionvodnik": 3,
        "flag_dayz": 75,
        "expansion_flag_newzealand": 75,
        "epoxyputty": 75,
        "zmijovkacap_black": 75,
        "expansionridersjacketdarkblue": 75,
        "expansion_flag_fari": 75,
        "booniehat_dubok": 75,
        "expansion_flag_rainbow": 75,
        "skirt_yellow": 75,
        "ump45": 75,
        "partytent_brown": 75,
        "mountainbag_blue": 75,
        "netting": 75,
        "blouse_white": 75,
        "surgicalgloves_green": 75,
        "carradiator": 75,
        "plum": 75,
        "rabbitlegmeat": 75,
        "ghilliehood_mossy": 75,
        "ammo_expansion_m203_smoke_red": 375,
        "balaclava3holes_blue": 75,
        "civsedandoors_backright_black": 75,
        "expansionspraycanmh6furious": 75,
        "hikingbootslow_grey": 75,
        "ballistichelmet_green": 75,
        "militaryberet_red": 75,
        "reflexoptic": 75,
        "dressshoes_black": 75,
        "canvaspants_violet": 75,
        "m67grenade": 75,
        "m18smokegrenade_purple": 75,
        "pickaxe": 75,
        "mag_akm_palm30rnd": 75,
        "powderedmilk": 75,
        "expansionuazcargo": 2,
        "sportglasses_blue": 75,
        "ghillietop_woodland": 75,
        "expansionspraycangrey": 75,
        "mag_akm_drum75rnd": 75,
        "darkmotohelmet_green": 75,
        "bomberjacket_brown": 75,
        "pressvest_lightblue": 75,
        "hatchbackhood": 75,
        "ukassvest_khaki": 75,
        "sedan_02_door_1_2_grey": 75,
        "expansion_flag_usa": 75,
        "ammobox_545x39_20rnd": 187,
        "shortjeans_darkblue": 75,
        "usmcjacket_desert": 75,
        "militaryboots_beige": 75,
        "m18smokegrenade_green": 75,
        "tannedleather": 75,
        "flag_chedaki": 75,
        "expansionspraycanmh6graywatcher": 75,
        "truck_01_door_1_1_blue": 75,
        "expansionsilvernugget": 0,
        "canvaspantsmidi_violet": 75,
        "smershvest": 75,
        "rdg2smokegrenade_white": 75,
        "akm": 75,
        "ak101": 75,
        "shirt_bluecheck": 75,
        "barrel_green": 75,
        "paramedicpants_crimson": 75,
        "motohelmet_blue": 75,
        "radarcap_green": 75,
        "gorkahelmet_black": 75,
        "tshirt_orangewhitestripes": 75,
        "mag_cmag_30rnd": 75,
        "mich2001helmet": 75,
        "constructionhelmet_white": 75,
        "expansionuazdoorhood": 75,
        "womansuit_white": 75,
        "darkmotohelmet_blue": 75,
        "flag_tec": 75,
        "pso1optic": 75,
        "hatchbackdoors_driver_blue": 75,
        "chernarusmap": 75,
        "cowboyhat_black": 75,
        "ushanka_blue": 75,
        "saiga_bttstck": 75,
        "startkitiv": 75,
        "minidress_redchecker": 75,
        "fabric": 75,
        "nbchoodyellow": 75,
        "partytent_lunapark": 75,
        "expansionspraycanmh6sheriff": 75,
        "womansuit_lightgrey": 75,
        "hatchbackdoors_codriver_blue": 75,
        "mediumgascanister": 75,
        "spotlight": 75,
        "marmalade": 75,
        "expansionbuswheeldouble": 75,
        "wellies_black": 75,
        "ghilliehood_tan": 75,
        "cargopants_green": 75,
        "carp": 75,
        "sneakers_black": 75,
        "sodacan_fronta": 75,
        "firefighteraxe": 75,
        "mp5_plastichndgrd": 75,
        "lactariusmushroom": 75,
        "ammo_762x54tracer": 375,
        "bandana_blackpattern": 75,
        "expansion_mh6_door_2_2": 75,
        "athleticshoes_brown": 75,
        "ammobox_556x45tracer_20rnd": 187,
        "balaclavamask_blue": 75,
        "paramedicpants_blue": 75,
        "militaryboots_bluerock": 75,
        "nbcbootsgray": 75,
        "pso11optic": 75,
        "jumpsuitpants_blue": 75,
        "ballerinas_red": 75,
        "skatehelmet_blue": 75,
        "mag_expansion_m14_20rnd": 75,
        "beaniehat_black": 75,
        "nbcglovesgray": 75,
        "expansiongunrack": 75,
        "mag_expansion_vityaz_30rnd": 75,
        "mag_glock_15rnd": 75,
        "sneakers_green": 75,
        "dirtbikehelmet_visor": 75,
        "smershbag": 75,
        "raincoat_yellow": 75,
        "officerhat": 75,
        "nbcjacketyellow": 75,
        "assaultbag_black": 75,
        "m4_mphndgrd": 75,
        "gorkaejacket_flat": 75,
        "mosin9130": 75,
        "peachescan": 75,
        "wrench": 75,
        "barrelholes_red": 75,
        "expansion_flag_chernarus": 75,
        "expansion_flag_scotland": 75,
        "ridersjacket_black": 75,
        "mag_famas_25rnd": 75,
        "armband_white": 187,
        "zmijovkacap_brown": 75,
        "platecarrierholster": 75,
        "flag_chernarus": 75,
        "expansionspraycanuh1hmedical": 75,
        "hockeymask": 75,
        "balaclava3holes_beige": 75,
        "hatchback_02_door_1_1_black": 75,
        "hikingjacket_black": 75,
        "expansionspraycanwine": 75,
        "dirtbikehelmet_red": 75,
        "expansion_flag_russia": 75,
        "ghillietop_tan": 75,
        "mp5_railhndgrd": 75,
        "scout_chernarus": 75,
        "barrelholes_blue": 75,
        "combatknife": 75,
        "ghilliesuit_mossy": 75,
        "paramedicjacket_blue": 75,
        "beaniehat_blue": 75,
        "expansion_flag_netherlands": 75,
        "pistoloptic": 75,
        "machete": 75,
        "greenbellpepper": 75,
        "denimjacket": 75,
        "tracksuitjacket_green": 75,
        "mansuit_darkgrey": 75,
        "hatchback_02_door_2_1_blue": 75,
        "dressshoes_brown": 75,
        "ammo_308win": 375,
        "ak_foldingbttstck": 75,
        "m68optic": 75,
        "disinfectantspray": 75,
        "tacticalgloves_beige": 75,
        "nbcpantsyellow": 75,
        "ammobox": 75,
        "rice": 75,
        "expansionreflexmrsoptic": 75,
        "ammo_12gapellets": 375,
        "tracksuitjacket_red": 75,
        "hunterpants_winter": 75,
        "expansioncowboyhatrattlesnake": 75,
        "firefighterjacket_beige": 75,
        "mag_stanag_60rnd": 75,
        "flag_napa": 75,
        "flag_white": 75,
        "breeches_white": 75,
        "motohelmet_black": 75,
        "bomberjacket_olive": 75,
        "orientalmachete": 75,
        "fnp45_mrdsoptic": 75,
        "firefighterspants_beige": 75,
        "ak_suppressor": 75,
        "flatcap_black": 75,
        "tacticalshirt_grey": 75,
        "tshirt_red": 75,
        "telnyashkashirt": 75,
        "mag_vss_10rnd": 75,
        "constructionhelmet_blue": 75,
        "expansionspraycanlightgreen": 75,
        "drybag_yellow": 75,
        "tacticalshirt_tan": 75,
        "goatsteakmeat": 75,
        "mag_cz61_20rnd": 75,
        "weaponcleaningkit": 75,
        "expansionvodnikdoorcodriver": 75,
        "expansionspraycanmh6sunset": 75,
        "expansiontractorfrontwheel": 75,
        "mag_cmag_40rnd": 75,
        "expansionspraycanmh6wave": 75,
        "handcuffkeys": 75,
        "huntingbag": 75,
        "expansion_flag_belgium": 75,
        "ak_woodbttstck": 75,
        "chernarussportshirt": 75,
        "expansionsafemedium": 75,
        "auriculariamushroom": 75,
        "m16a2": 75,
        "mag_mp5_30rnd": 75,
        "sardines": 75,
        "breeches_blackcheck": 75,
        "wellies_green": 75,
        "pipewrench": 75,
        "medicalscrubsshirt_white": 75,
        "ghilliebushrag_mossy": 75,
        "ammobox_9x39ap_20rnd": 187,
        "flatcap_blue": 75,
        "expansionspraycanwinerust": 75,
        "baseballcap_pink": 75,
        "canvaspantsmidi_grey": 75,
        "drybag_black": 75,
        "unknownfoodcan": 75,
        "sedan_02_door_2_2_red": 75,
        "expansionpropanetorch": 75,
        "mountainbag_red": 75,
        "wellies_brown": 75,
        "expansionbread2": 75,
        "expansionbread3": 75,
        "woolcoat_beige": 75,
        "skirt_blue": 75,
        "balaclavamask_blackskull": 75,
        "expansioncoyoteblack": 75,
        "ak_plasticbttstck": 75,
        "ttskopants": 75,
        "fangeknife": 75,
        "mag_akm_30rnd": 75,
        "expansionspraycanmerlinwave": 75,
        "shortjeans_green": 75,
        "partytent_blue": 75,
        "ghillietop_mossy": 75,
        "huntingjacket_autumn": 75,
        "womansuit_black": 75,
        "alicebag_black": 75,
        "breeches_browncheck": 75,
        "jungleboots_black": 75,
        "athleticshoes_blue": 75,
        "m65jacket_tan": 75,
        "tlrlight": 75,
        "heatpack": 75,
        "dressshoes_white": 75,
        "pot": 75,
        "expansion_flag_offwithhead": 75,
        "jeans_black": 75,
        "gorkaejacket_summer": 75,
        "beaniehat_brown": 75,
        "constructionhelmet_yellow": 75,
        "ammobox_9x19_25rnd": 187,
        "quiltedjacket_green": 75,
        "zucchini": 75,
        "largetent": 75,
        "expansionexps3holooptic": 75,
        "ammo_flarered": 375,
        "balaclavamask_pink": 75,
        "hockeyhelmet_blue": 75,
        "policepants": 75,
        "chemlight_yellow": 75,
        "mag_val_20rnd": 75,
        "ushanka_green": 75,
        "motohelmet_lime": 75,
        "flashgrenade": 75,
        "hatchback_02": 3,
        "hatchback_02_door_2_2": 75,
        "expansion_kar98_bayonet": 75,
        "ammobox_308wintracer_20rnd": 187,
        "prisonercap": 75,
        "expansioncamoboxkit": 75,
        "expansionspraycanblackrust": 75,
        "darkmotohelmet_lime": 75,
        "woolcoat_redcheck": 75,
        "expansionspraycanmh6wasp": 75,
        "expansionuazdoorcargo1": 75,
        "expansionuazdoorcargo2": 75,
        "mosin_compensator": 75,
        "medicalscrubspants_white": 75,
        "tshirt_grey": 75,
        "civsedandoors_driver_wine": 75,
        "mag_saiga_drum20rnd": 75,
        "ammobox_556x45_20rnd": 187,
        "bandana_polkapattern": 75,
        "kobraoptic": 75,
        "expansioncheese1": 75,
        "expansioncheese2": 75,
        "expansioncheese3": 75,
        "expansioncheese4": 75,
        "gorkapants_flat": 75,
        "woolcoat_bluecheck": 75,
        "expansionmerlinbackwheel": 75,
        "breeches_beige": 75,
        "greathelm": 75,
        "airbornemask": 75,
        "minidress_whitechecker": 75,
        "flatcap_red": 75,
        "mediumtent_orange": 75,
        "pen_green": 75,
        "expansionsilverbar": 0,
        "ukassvest_camo": 75,
        "expansion_flag_nato": 75,
        "civsedandoors_codriver_black": 75,
        "jumpsuitjacket_blue": 75,
        "mag_svd_10rnd": 75,
        "expansion_flag_ireland": 75,
        "sodacan_cola": 75,
        "drybag_red": 75,
        "chestholster": 75,
        "morphine": 75,
        "gorkaejacket_autumn": 75,
        "beaniehat_pink": 75,
        "expansion_flag_red": 75,
        "medicalscrubspants_blue": 75,
        "quiltedjacket_orange": 75,
        "assaultbag_ttsko": 75,
        "mag_expansion_taser": 75,
        "dirtbikehelmet_chernarus": 75,
        "sedan_02_hood": 75,
        "hikingbootslow_black": 75,
        "expansionbuswheel": 75,
        "baseballcap_cmmg_pink": 75,
        "tracksuitjacket_lightblue": 75,
        "drybag_orange": 75,
        "expansionspraycangreenrust": 75,
        "flatcap_brown": 75,
        "expansionlumber1_5": 75,
        "expansionspraycanyellow": 75,
        "ammo_12garubberslug": 375,
        "expansionuazroofless": 2,
        "raincoat_red": 75,
        "canopener": 75,
        "ammo_22": 375,
        "potato": 75,
        "booniehat_black": 75,
        "weldingmask": 75,
        "expansion_flag_luxembourg": 75,
        "ballistichelmet_un": 75,
        "expansionhamroptic": 75,
        "antipestsspray": 75,
        "hunterpants_spring": 75,
        "ammo_flareblue": 375,
        "sedan_02_trunk": 75,
        "flag_ssahrani": 75,
        "expansion_flag_southafrica": 75,
        "expansion_flag_blue": 75,
        "expansion_mp7": 75,
        "expansionvodnikdoordriver": 75,
        "womansuit_blue": 75,
        "sheepsteakmeat": 75,
        "alicebag_green": 75,
        "crackers": 75,
        "hescobox": 75,
        "canvaspants_grey": 75,
        "raincoat_green": 75,
        "barrel_yellow": 75,
        "headlighth7_box": 75,
        "expansion_flag_norway": 75,
        "expansionspraycanmerlinpresident": 75,
        "tracksuitjacket_blue": 75,
        "gorkapants_pautrev": 75,
        "civsedandoors_backleft_wine": 75,
        "aks74u": 75,
        "expansionspraycanuh1hcivilian": 75,
        "raincoat_blue": 75,
        "dressshoes_beige": 75,
        "expansion_ammo_8mm": 375,
        "omnogloves_brown": 75,
        "boxcerealcrunchin": 75,
        "expansionsatchel": 75,
        "sedan_02_hood_red": 75,
        "expansionridersjacketbrown": 75,
        "bandana_yellow": 75,
        "balaclavamask_green": 75,
        "mag_fnx45_15rnd": 75,
        "ammo_762x39tracer": 375,
        "expansionspraycanmh6vrana": 75,
        "booniehat_orange": 75,
        "zmijovkacap_blue": 75,
        "binoculars": 75,
        "minidress_pinkchecker": 75,
        "smallprotectorcase": 75,
        "truck_01_door_2_1_blue": 75,
        "hatchback_02_trunk": 75,
        "ballistichelmet_black": 75,
        "womansuit_brown": 75,
        "civsedanhood": 75,
        "boletusmushroom": 75,
        "ammobox_expansion_338_15rnd": 187,
        "sportglasses_green": 75,
        "jungleboots_brown": 75,
        "ammo_expansion_m203_smoke_white": 375,
        "ammobox_762x39tracer_20rnd": 187,
        "reflexvest": 75,
        "ammo_45acp": 375,
        "mansuit_lightgrey": 75,
        "mp5k": 75,
        "broom_birch": 75,
        "paramedicpants_green": 75,
        "militaryberet_nz": 75,
        "jeans_brown": 75,
        "baseballcap_black": 75,
        "slackspants_black": 75,
        "augshort": 75,
        "orienteeringcompass": 75,
        "expansion_flag_dayzblack": 75,
        "cowboyhat_darkbrown": 75,
        "policevest": 75,
        "canistergasoline": 75,
        "potatoseed": 75,
        "combatboots_black": 75,
        "zsh3pilothelmet_green": 75,
        "pen_blue": 75,
        "constructionhelmet_lime": 75,
        "zagorkychocolate": 75,
        "ak74_woodbttstck": 75,
        "chemlight_red": 75,
        "woolcoat_greycheck": 75,
        "tracksuitpants_blue": 75,
        "expansionuazdoorcodriver": 75,
        "expansionspraycanmh6speedy": 75,
        "expansionlumber1": 75,
        "zagorkypeanuts": 75,
        "carpfilletmeat": 75,
        "taloonbag_orange": 75,
        "bearsteakmeat": 75,
        "mag_1911_7rnd": 75,
        "m65jacket_khaki": 75,
        "bdujacket": 75,
        "radarcap_black": 75,
        "chemlight_white": 75,
        "m18smokegrenade_yellow": 75,
        "zsh3pilothelmet": 75,
        "woodenplank": 75,
        "macrolepiotamushroom": 75,
        "flaregun": 75,
        "ammobox_12gaslug_10rnd": 187,
        "expansion_flag_sweden": 75,
        "tortillabag": 75,
        "screwdriver": 75,
        "tacticalgoggles": 75,
        "medicalscrubshat_white": 75,
        "expansionspraycanmerlinion": 75,
        "ammo_9x19": 375,
        "petrollighter": 75,
        "ghilliesuit_tan": 75,
        "m4_suppressor": 75,
        "truck_01_wheeldouble": 75,
        "shortjeans_red": 75,
        "expansionammolaw": 375,
        "expansionspraycanmerlindahoman": 75,
        "expansion_m14": 75,
        "expansionspraycanred": 75,
        "expansion_m16": 75,
        "mediumtent": 75,
        "glowplug": 75,
        "mag_saiga_5rnd": 75,
        "ghilliebushrag_woodland": 75,
        "canvaspantsmidi_red": 75,
        "expansionuaz": 2,
        "policecap": 75,
        "expansion_ammo_arrowbolt": 375,
        "cargopants_black": 75,
        "coyotebag_brown": 75,
        "baseballbat": 75,
        "flag_bohemia": 75,
        "civsedandoors_backright": 75,
        "barbedbaseballbat": 75,
        "nursedress_white": 75,
        "expansioncowboyhatsnake": 75,
        "beaniehat_beige": 75,
        "expansion_flag_uk": 75,
        "expansion_flag_latvia": 75,
        "workingboots_brown": 75,
        "smallgascanister": 75,
        "ammobox_expansion_46x30_25rnd": 187,
        "painkillertablets": 75,
        "mansuit_blue": 75,
        "zmijovkacap_red": 75,
        "tunacan": 75,
        "expansion_flag_japan": 75,
        "policepantsorel": 75,
        "dirtbikehelmet_green": 75,
        "breeches_beetcheck": 75,
        "baseballcap_cmmg_black": 75,
        "ghilliebushrag_tan": 75,
        "woolcoat_blue": 75,
        "armband_blue": 187,
        "ttskojacket_camo": 75,
        "truck_01_door_1_1": 75,
        "expansion_g36": 75,
        "flag_cmc": 75,
        "fryingpan": 75,
        "flag_zenit": 75,
        "expansion_m1a_railatt": 75,
        "ammo_9x39": 375,
        "mag_expansion_mp7_40rnd": 75,
        "charcoaltablets": 75,
        "booniehat_dpm": 75,
        "expansion_flag_chedaki": 75,
        "gasmask": 75,
        "jeans_blue": 75,
        "childbag_blue": 75,
        "mp5k_stockbttstck": 75,
        "armband_yellow": 187,
        "vitaminbottle": 75,
        "shortjeans_blue": 75,
        "hatchback_02_door_2_2_black": 75,
        "matchbox": 75,
        "m18smokegrenade_white": 75,
        "ammo_expansion_m203_smoke_purple": 375,
        "jumpsuitjacket_red": 75,
        "truck_01_covered": 5,
        "mag_cmag_20rnd": 75,
        "workinggloves_beige": 75,
        "deersteakmeat": 75,
        "baseradio": 75,
        "quiltedjacket_violet": 75,
        "skatehelmet_gray": 75,
        "sedan_02_door_1_1": 75,
        "hikingjacket_red": 75,
        "civsedandoors_backright_wine": 75,
        "jungleboots_olive": 75,
        "combatboots_grey": 75,
        "bandana_blue": 75,
        "sedan_02_door_2_1": 75,
        "hammer": 75,
        "flag_refuge": 75,
        "kashtanoptic": 75,
        "flag_rsta": 75,
        "sedan_02_trunk_red": 75,
        "expansionspraycangreen": 75,
        "medicalscrubshat_blue": 75,
        "tacticalshirt_black": 75,
        "pen_black": 75,
        "expansionigniterplug": 75,
        "expansionspraycanmh6digital": 75,
        "mag_cz527_5rnd": 75,
        "slackspants_blue": 75,
        "ammo_9x39ap": 375,
        "expansionmilkbottle": 75,
        "sodacan_spite": 75,
        "pilotkacap": 75,
        "raincoat_pink": 75,
        "tshirt_green": 75,
        "tracksuitjacket_black": 75,
        "mackerelfilletmeat": 75,
        "expansion_flag_pirate": 75,
        "expansion_flag_orange": 75,
        "ballerinas_blue": 75,
        "civsedantrunk": 75,
        "darkmotohelmet_white": 75,
        "sedan_02_hood_grey": 75,
        "expansiontoolbox": 75,
        "hatchbacktrunk_white": 75,
        "motohelmet_grey": 75,
        "expansionbread1": 75,
        "slackspants_white": 75,
        "expansion_flag_australia": 75,
        "bomberjacket_maroon": 75,
        "minidress_brownchecker": 75,
        "minidress_pink": 75,
        "darkmotohelmet_grey": 75,
        "expansion_flag_dayzwhite": 75,
        "chemlight_green": 75,
        "slackspants_brown": 75,
        "jumpsuitjacket_green": 75,
        "jumpsuitpants_green": 75,
        "combatboots_brown": 75,
        "m4_plastichndgrd": 75,
        "zsh3pilothelmet_black": 75,
        "hatchback_02_trunk_black": 75,
        "nbcglovesyellow": 75,
        "usmcpants_woodland": 75,
        "slackspants_darkgrey": 75,
        "gorkahelmet": 75,
        "expansionmich2001desert": 75,
        "hacksaw": 75,
        "policejacketorel": 75,
        "expansioncodelock": 75,
        "ammobox_12garubberslug_10rnd": 187,
        "sledgehammer": 75,
        "expansion_mh6_door_2_1": 75,
        "mag_fal_20rnd": 75,
        "leathersewingkit": 75,
        "wellies_grey": 75,
        "radarcap_brown": 75,
        "ssh68helmet": 75,
        "expansion_benellim4": 75,
        "womansuit_khaki": 75,
        "flatcap_greycheck": 75,
        "militaryboots_brown": 75,
        "truck_01_door_2_1_orange": 75,
        "ammobox_762x54_20rnd": 187,
        "breeches_blue": 75,
        "sewingkit": 75,
        "expansiondeltapointoptic": 75,
        "ttskoboots": 75,
        "sportglasses_orange": 75,
        "crudemachete": 75,
        "ammo_762x39": 375,
        "brassknuckles_shiny": 75,
        "militarybelt": 75,
        "hatchbackhood_white": 75,
        "brassknuckles_dull": 75,
        "policejacket": 75,
        "hatchbackdoors_driver": 75,
        "coyotebag_green": 75,
        "hatchback_02_wheel": 75,
        "psilocybemushroom": 75,
        "expansion_mp5sd": 75,
        "expansionspraycancamo": 75,
        "cowboyhat_green": 75,
        "jumpsuitpants_grey": 75,
        "womansuit_beige": 75,
        "flatcap_blackcheck": 75,
        "tshirt_black": 75,
        "jungleboots_beige": 75,
        "ammobox_762x54tracer_20rnd": 187,
        "mag_mkii_10rnd": 75,
        "minidress_bluewithdots": 75,
        "bloodtestkit": 75,
        "rgd5grenade": 75,
        "ammobox_22_50rnd": 187,
        "expansion_flag_spain": 75,
        "repeater": 75,
        "expansion_flag_livonia": 75,
        "ammo_expansion_m203_sticky_smoke_green": 375,
        "mag_ump_25rnd": 75,
        "ghillieatt_tan": 75,
        "metalwire": 75,
        "booniehat_olive": 75,
        "tracksuitpants_green": 75,
        "shortjeans_black": 75,
        "camonet": 75,
        "expansionstove": 75,
        "cowsteakmeat": 75,
        "workingboots_beige": 75,
        "civilianbelt": 75,
        "civsedandoors_backleft_black": 75,
        "pliers": 75,
        "expansion_mp5": 75,
        "flag_snake": 75,
        "drybag_blue": 75,
        "hockeyhelmet_black": 75,
        "platecarrierpouches": 75,
        "huntingjacket_spring": 75,
        "mag_expansion_g36_30rnd": 75,
        "flatcap_browncheck": 75,
        "ammo_762x54": 375,
        "blouse_green": 75,
        "batterycharger": 75,
        "b95": 75,
        "armband_orange": 187,
        "sedan_02_door_2_2": 75,
        "skirt_red": 75,
        "expansion_vityazsn": 75,
        "ammo_expansion_m203_sticky_smoke_teargas": 375,
        "makarovij70": 75,
        "raincoat_orange": 75,
        "tetracyclineantibiotics": 75,
        "dirtbikehelmet_blue": 75,
        "mp5_compensator": 75,
        "beaniehat_grey": 75,
        "pistolsuppressor": 75,
        "armband_pink": 187,
        "catfoodcan": 75,
        "skatehelmet_green": 75,
        "largegascanister": 75,
        "balaclava3holes_green": 75,
        "taloonbag_blue": 75,
        "ushanka_black": 75,
        "sodacan_kvass": 75,
        "tshirt_redblackstripes": 75,
        "truck_01_hood_blue": 75,
        "expansion_dt11": 75,
        "expansion_flag_grenade": 75,
        "bandagedressing": 75,
        "civsedantrunk_black": 75,
        "expansioncowboyhatgator": 75,
        "flag_hunterz": 75,
        "bandana_pink": 75,
        "surgicalgloves_white": 75,
        "ammo_expansion_m203_sticky_smoke_yellow": 375,
        "expansioncamotentkit": 75,
        "expansion_mpx": 75,
        "sneakers_gray": 75,
        "canvaspantsmidi_blue": 75,
        "flag_pirates": 75,
        "hatchbacktrunk_blue": 75,
        "headtorch_black": 75,
        "nbcjacketgray": 75,
        "ak74_hndgrd": 75,
        "zagorky": 75,
        "tankerhelmet": 75,
        "metalplate": 75,
        "expansion_mp5_railatt": 75,
        "hatchback_02_door_1_1": 75,
        "mag_ij70_8rnd": 75,
        "expansionspraycanmh6jeans": 75,
        "baseballcap_olive": 75,
        "tacticalgloves_green": 75,
        "fal": 75,
        "expansiondeserttortilla": 75,
        "expansionvodnikwheel": 75,
        "workinggloves_black": 75,
        "barbedwire": 75,
        "m65jacket_black": 75,
        "booniehat_red": 75,
        "ak_bayonet": 75,
        "hikingbootslow_beige": 75,
        "flag_apa": 75,
        "expansionspraycanwhite": 75,
        "pigsteakmeat": 75,
        "expansion_flag_china": 75,
        "booniehat_navyblue": 75,
        "hatchback_02_door_1_2": 75,
        "hikingjacket_blue": 75
    }
}