{
    "m_Version": 5,
    "m_ZoneName": "KamenkaBoats",
    "m_DisplayName": "Kamenka Boats Trading Zone",
    "Position": [
        1756.0999755859376,
        2.200000047683716,
        2025.469970703125
    ],
    "Radius": 100.0,
    "BuyPricePercent": 100.0,
    "SellPricePercent": -1.0,
    "Stock": {
        "truckbattery": 75,
        "expansionzodiacboat": 7,
        "headlighth7": 75,
        "expansionlhd": 0,
        "glowplug": 75,
        "expansioncarkey": 75,
        "headlighth7_box": 75,
        "expansionutilityboat": 7,
        "canistergasoline": 75
    }
}