{
    "m_Version": 5,
    "m_ZoneName": "Svetloyarsk",
    "m_DisplayName": "Svetloyarsk Trading Zone",
    "Position": [
        14377.099609375,
        4.099999904632568,
        13272.900390625
    ],
    "Radius": 500.0,
    "BuyPricePercent": 100.0,
    "SellPricePercent": -1.0,
    "Stock": {
        "hook": 75,
        "mackerel": 75,
        "expansionlhd": 0,
        "fishingrod": 75,
        "expansionutilityboat": 7,
        "worm": 75,
        "sardines": 75,
        "canistergasoline": 75,
        "truckbattery": 75,
        "expansionzodiacboat": 7,
        "headlighth7": 75,
        "glowplug": 75,
        "bonehook": 75,
        "expansioncarkey": 75,
        "headlighth7_box": 75,
        "carp": 75
    }
}